chain, residue_label, residue_name, score, zscore, probability, pocket
A,    1, GLY,  0.2088,  -0.2631,   0.0074, 0
A,    2, SER,  0.1703,  -0.2845,   0.0053, 0
A,    3, ALA,  0.1052,  -0.3208,   0.0025, 0
A,    4, LEU,  0.1150,  -0.3154,   0.0029, 0
A,    5, THR,  0.0176,  -0.3696,   0.0005, 0
A,    6, VAL,  0.1271,  -0.3086,   0.0033, 0
A,    7, ARG,  0.0279,  -0.3639,   0.0006, 0
A,    8, ASP,  0.0232,  -0.3665,   0.0005, 0
A,    9, TRP,  0.1305,  -0.3067,   0.0035, 0
A,   10, PRO,  0.0200,  -0.3683,   0.0005, 0
A,   11, ALA,  0.0167,  -0.3702,   0.0004, 0
A,   12, LEU,  0.0155,  -0.3708,   0.0004, 0
A,   13, GLU,  0.1163,  -0.3147,   0.0029, 0
A,   14, ALA,  0.0051,  -0.3766,   0.0003, 0
A,   15, LEU,  0.0352,  -0.3599,   0.0007, 0
A,   16, ALA,  0.0076,  -0.3752,   0.0003, 0
A,   17, LYS,  0.0318,  -0.3617,   0.0007, 0
A,   18, THR,  0.0173,  -0.3698,   0.0005, 0
A,   19, MET,  0.0295,  -0.3630,   0.0006, 0
A,   20, PRO,  0.0315,  -0.3619,   0.0007, 0
A,   21, ALA,  0.0329,  -0.3611,   0.0007, 0
A,   22, ASP,  0.2465,  -0.2420,   0.0099, 0
A,   23, ALA,  0.2247,  -0.2542,   0.0084, 0
A,   24, GLY,  0.2511,  -0.2395,   0.0102, 0
A,   25, ALA,  0.2386,  -0.2464,   0.0093, 0
A,   26, ARG,  0.2598,  -0.2347,   0.0108, 0
A,   27, ALA,  0.2617,  -0.2336,   0.0109, 0
A,   28, MET,  0.0959,  -0.3260,   0.0022, 0
A,   29, THR,  0.0338,  -0.3606,   0.0007, 0
A,   30, ASP,  0.0612,  -0.3454,   0.0013, 0
A,   31, ASP,  0.0068,  -0.3757,   0.0003, 0
A,   32, ASP,  0.0144,  -0.3714,   0.0004, 0
A,   33, LEU,  0.0112,  -0.3732,   0.0004, 0
A,   34, ARG,  0.0323,  -0.3615,   0.0007, 0
A,   35, ALA,  0.0071,  -0.3755,   0.0003, 0
A,   36, ALA,  0.0129,  -0.3723,   0.0004, 0
A,   37, GLY,  0.0464,  -0.3536,   0.0009, 0
A,   38, VAL,  0.0571,  -0.3476,   0.0012, 0
A,   39, ASP,  0.0812,  -0.3342,   0.0018, 0
A,   40, ARG,  0.0816,  -0.3340,   0.0018, 0
A,   41, ARG,  0.0530,  -0.3499,   0.0011, 0
A,   42, VAL,  0.1517,  -0.2949,   0.0044, 0
A,   43, PRO,  0.1416,  -0.3005,   0.0040, 0
A,   44, GLU,  0.1915,  -0.2727,   0.0064, 0
A,   45, GLN,  0.0651,  -0.3432,   0.0014, 0
A,   46, LYS,  0.1698,  -0.2848,   0.0052, 0
A,   47, LEU,  0.2048,  -0.2653,   0.0071, 0
A,   48, GLY,  0.1360,  -0.3036,   0.0037, 0
A,   49, ALA,  0.0875,  -0.3307,   0.0019, 0
A,   50, ALA,  0.9232,   0.1351,   0.1211, 0
A,   51, ILE,  1.1406,   0.2563,   0.1795, 1
A,   52, ASP,  0.0973,  -0.3252,   0.0022, 0
A,   53, GLU,  0.0849,  -0.3322,   0.0019, 0
A,   54, ALA,  1.0263,   0.1926,   0.1480, 0
A,   55, PHE,  0.9641,   0.1579,   0.1315, 1
A,   56, ALA,  0.0367,  -0.3590,   0.0008, 0
A,   57, SER,  0.0807,  -0.3345,   0.0018, 0
A,   58, LEU,  0.2623,  -0.2333,   0.0110, 0
A,   59, ARG,  0.0539,  -0.3494,   0.0011, 0
A,   60, LEU,  0.2394,  -0.2460,   0.0094, 0
A,   61, PRO,  0.0610,  -0.3455,   0.0013, 0
A,   62, ARG,  0.0461,  -0.3537,   0.0009, 0
A,   63, ILE,  0.2215,  -0.2560,   0.0082, 0
A,   64, ASP,  0.2218,  -0.2558,   0.0082, 0
A,   65, GLY,  0.1691,  -0.2852,   0.0052, 0
A,   66, ARG,  0.1339,  -0.3048,   0.0036, 0
A,   67, PHE,  0.0745,  -0.3379,   0.0016, 0
A,   68, VAL,  0.0279,  -0.3639,   0.0006, 0
A,   69, ASP,  0.3252,  -0.1982,   0.0162, 0
A,   70, GLY,  0.0296,  -0.3630,   0.0006, 0
A,   71, ARG,  0.5840,  -0.0539,   0.0487, 2
A,   72, ARG,  0.1620,  -0.2892,   0.0049, 0
A,   73, ALA,  0.1659,  -0.2870,   0.0051, 0
A,   74, ASN,  0.2612,  -0.2339,   0.0109, 0
A,   75, LEU,  0.1443,  -0.2990,   0.0041, 0
A,   76, THR,  0.1299,  -0.3071,   0.0035, 0
A,   77, VAL,  0.4676,  -0.1188,   0.0316, 0
A,   78, PHE,  0.5880,  -0.0517,   0.0494, 3
A,   79, ASP,  0.0567,  -0.3478,   0.0012, 0
A,   80, ASP,  0.0560,  -0.3482,   0.0011, 0
A,   81, ALA,  0.0117,  -0.3729,   0.0004, 0
A,   82, ARG,  0.4861,  -0.1085,   0.0340, 3
A,   83, VAL,  0.2628,  -0.2330,   0.0110, 0
A,   84, ALA,  0.0568,  -0.3478,   0.0012, 0
A,   85, ALA,  0.3216,  -0.2002,   0.0158, 0
A,   86, VAL,  1.1770,   0.2766,   0.1898, 0
A,   87, ARG,  0.5337,  -0.0820,   0.0409, 0
A,   88, GLY,  0.2027,  -0.2665,   0.0070, 0
A,   89, HIS,  0.4716,  -0.1166,   0.0321, 0
A,   90, ALA,  0.5235,  -0.0877,   0.0393, 1
A,   91, ALA,  0.1665,  -0.2867,   0.0051, 0
A,   92, ARG,  0.3330,  -0.1938,   0.0169, 0
A,   93, ALA,  0.1430,  -0.2998,   0.0040, 0
A,   94, GLN,  0.0765,  -0.3368,   0.0016, 0
A,   95, ARG,  0.1133,  -0.3163,   0.0028, 0
A,   96, ASN,  0.2459,  -0.2424,   0.0098, 0
A,   97, LEU,  0.3870,  -0.1637,   0.0222, 0
A,   98, LEU,  0.0000,  -0.3795,   0.0002, 0
A,   99, GLU,  0.0892,  -0.3298,   0.0020, 0
A,  100, ARG,  0.2606,  -0.2342,   0.0109, 0
A,  101, LEU,  0.6145,  -0.0369,   0.0537, 0
A,  102, GLU,  0.0345,  -0.3602,   0.0007, 0
A,  103, THR,  0.0245,  -0.3658,   0.0006, 0
A,  104, GLU,  0.0783,  -0.3358,   0.0017, 0
A,  105, THR,  0.0126,  -0.3724,   0.0004, 0
A,  106, LEU,  0.0514,  -0.3508,   0.0010, 0
A,  107, LEU,  0.0208,  -0.3679,   0.0005, 0
A,  108, GLY,  0.0046,  -0.3769,   0.0003, 0
A,  109, GLY,  0.0056,  -0.3763,   0.0003, 0
A,  110, THR,  0.0090,  -0.3745,   0.0003, 0
A,  111, THR,  0.0137,  -0.3718,   0.0004, 0
A,  112, LEU,  0.5410,  -0.0779,   0.0419, 0
A,  113, THR,  0.3242,  -0.1987,   0.0161, 0
A,  114, ALA,  0.6554,  -0.0142,   0.0610, 0
A,  115, GLY,  0.5514,  -0.0721,   0.0435, 0
A,  116, ASN,  0.0253,  -0.3654,   0.0006, 0
A,  117, ASP,  0.0231,  -0.3666,   0.0005, 0
A,  118, GLU,  0.1333,  -0.3052,   0.0036, 0
A,  119, GLY,  0.2324,  -0.2499,   0.0089, 0
A,  120, GLY,  0.6529,  -0.0155,   0.0606, 0
A,  121, ILE,  0.3554,  -0.1814,   0.0190, 0
A,  122, GLN,  0.6870,   0.0034,   0.0671, 0
A,  123, PRO,  0.0481,  -0.3527,   0.0010, 0
A,  124, ASP,  0.1003,  -0.3236,   0.0023, 0
A,  125, PRO,  0.1974,  -0.2694,   0.0067, 0
A,  126, ILE,  0.3927,  -0.1606,   0.0228, 0
A,  127, LEU,  0.0088,  -0.3746,   0.0003, 0
A,  128, GLN,  0.1817,  -0.2782,   0.0058, 0
A,  129, GLY,  0.2984,  -0.2131,   0.0138, 0
A,  130, LEU,  0.9264,   0.1369,   0.1219, 1
A,  131, VAL,  0.0777,  -0.3361,   0.0017, 0
A,  132, ASP,  0.2007,  -0.2676,   0.0069, 0
A,  133, VAL,  0.8208,   0.0781,   0.0961, 3
A,  134, ILE,  0.4270,  -0.1415,   0.0267, 0
A,  135, GLY,  0.0960,  -0.3259,   0.0022, 0
A,  136, GLN,  0.8582,   0.0989,   0.1048, 0
A,  137, GLY,  0.3596,  -0.1790,   0.0194, 0
A,  138, LYS,  0.5043,  -0.0983,   0.0365, 0
A,  139, SER,  0.3716,  -0.1723,   0.0206, 0
A,  140, ASP,  0.8168,   0.0758,   0.0951, 0
A,  141, ILE,  0.5101,  -0.0951,   0.0373, 0
A,  142, ASP,  0.1038,  -0.3216,   0.0025, 0
A,  143, ALA,  0.2919,  -0.2167,   0.0133, 0
A,  144, TYR,  0.1434,  -0.2995,   0.0040, 0
A,  145, ALA,  0.0323,  -0.3615,   0.0007, 0
A,  146, THR,  0.0344,  -0.3603,   0.0007, 0
A,  147, ILE,  0.0247,  -0.3657,   0.0006, 0
A,  148, VAL,  0.2115,  -0.2616,   0.0075, 0
A,  149, GLU,  0.0473,  -0.3531,   0.0010, 0
A,  150, GLY,  0.0687,  -0.3412,   0.0014, 0
A,  151, LEU,  0.1124,  -0.3168,   0.0028, 0
A,  152, THR,  0.4365,  -0.1362,   0.0278, 0
A,  153, LEU,  0.1093,  -0.3185,   0.0027, 0
A,  154, LYS,  0.1079,  -0.3193,   0.0026, 0
A,  155, TYR,  0.4306,  -0.1395,   0.0271, 0
A,  156, PHE,  0.6508,  -0.0167,   0.0602, 0
A,  157, GLN,  0.1401,  -0.3014,   0.0039, 0
A,  158, SER,  0.0160,  -0.3706,   0.0004, 0
A,  159, ALA,  0.1764,  -0.2812,   0.0056, 0
A,  160, VAL,  0.1633,  -0.2884,   0.0049, 0
A,  161, ASP,  0.0837,  -0.3328,   0.0018, 0
A,  162, VAL,  0.0435,  -0.3552,   0.0009, 0
A,  163, MET,  0.2066,  -0.2643,   0.0072, 0
A,  164, LYS,  0.1363,  -0.3035,   0.0037, 0
A,  165, LEU,  0.0508,  -0.3511,   0.0010, 0
A,  166, GLN,  0.3272,  -0.1971,   0.0163, 0
A,  167, ASP,  0.0544,  -0.3491,   0.0011, 0
A,  168, TYR,  0.0951,  -0.3264,   0.0022, 0
A,  169, ILE,  0.1150,  -0.3154,   0.0029, 0
A,  170, SER,  0.0970,  -0.3254,   0.0022, 0
A,  171, ALA,  0.0716,  -0.3395,   0.0015, 0
A,  172, LYS,  0.0373,  -0.3587,   0.0008, 0
A,  173, ASP,  0.0309,  -0.3622,   0.0007, 0
A,  174, ASP,  0.0085,  -0.3747,   0.0003, 0
A,  175, LYS,  0.0100,  -0.3739,   0.0004, 0
A,  176, ASN,  0.0164,  -0.3703,   0.0004, 0
A,  177, MET,  0.2171,  -0.2584,   0.0079, 0
A,  178, LYS,  0.0301,  -0.3627,   0.0006, 0
A,  179, ILE,  0.0006,  -0.3791,   0.0002, 0
A,  180, ASP,  0.0289,  -0.3634,   0.0006, 0
A,  181, ASP,  0.0511,  -0.3510,   0.0010, 0
A,  182, GLY,  0.0578,  -0.3472,   0.0012, 0
A,  183, GLY,  0.0666,  -0.3423,   0.0014, 0
A,  184, LYS,  0.0714,  -0.3396,   0.0015, 0
A,  185, ILE,  0.0126,  -0.3724,   0.0004, 0
A,  186, LYS,  0.0589,  -0.3466,   0.0012, 0
A,  187, ALA,  0.0363,  -0.3592,   0.0007, 0
A,  188, LEU,  0.1154,  -0.3151,   0.0029, 0
A,  189, ILE,  0.0021,  -0.3783,   0.0003, 0
A,  190, GLN,  0.0275,  -0.3642,   0.0006, 0
A,  191, VAL,  0.1022,  -0.3225,   0.0024, 0
A,  192, ILE,  0.0297,  -0.3629,   0.0006, 0
A,  193, LEU,  0.0979,  -0.3249,   0.0023, 0
A,  194, VAL,  0.0408,  -0.3567,   0.0008, 0
A,  195, ASP,  0.0498,  -0.3517,   0.0010, 0
A,  196, HIS,  0.0851,  -0.3320,   0.0019, 0
A,  197, LEU,  0.1948,  -0.2709,   0.0066, 0
A,  198, PRO,  0.0612,  -0.3453,   0.0013, 0
A,  199, THR,  0.2404,  -0.2454,   0.0094, 0
A,  200, MET,  0.0641,  -0.3437,   0.0013, 0
A,  201, GLN,  0.0712,  -0.3398,   0.0015, 0
A,  202, LEU,  0.1321,  -0.3058,   0.0035, 0
A,  203, PRO,  0.2838,  -0.2213,   0.0126, 0
A,  204, LYS,  0.1820,  -0.2780,   0.0059, 0
A,  205, GLY,  0.3859,  -0.1644,   0.0220, 0
A,  206, ALA,  0.4143,  -0.1485,   0.0252, 0
A,  207, ASP,  0.4095,  -0.1512,   0.0246, 0
A,  208, ILE,  0.0222,  -0.3671,   0.0005, 0
A,  209, ALA,  0.0305,  -0.3625,   0.0007, 0
A,  210, ARG,  0.4923,  -0.1051,   0.0349, 0
A,  211, TRP,  0.4606,  -0.1227,   0.0307, 0
A,  212, ARG,  0.0290,  -0.3633,   0.0006, 0
A,  213, LYS,  0.0548,  -0.3489,   0.0011, 0
A,  214, GLU,  0.3379,  -0.1911,   0.0174, 0
A,  215, LEU,  0.3352,  -0.1926,   0.0171, 2
A,  216, GLY,  0.0757,  -0.3373,   0.0016, 0
A,  217, ASP,  0.0327,  -0.3612,   0.0007, 0
A,  218, ALA,  0.3000,  -0.2122,   0.0140, 2
A,  219, VAL,  0.0071,  -0.3755,   0.0003, 0
A,  220, SER,  0.0546,  -0.3490,   0.0011, 0
A,  221, ASP,  0.0153,  -0.3709,   0.0004, 0
A,  222, SER,  0.0114,  -0.3731,   0.0004, 0
A,  223, GLY,  0.0041,  -0.3772,   0.0003, 0
A,  224, VAL,  0.1761,  -0.2813,   0.0056, 0
A,  225, VAL,  0.1442,  -0.2991,   0.0041, 0
A,  226, THR,  0.3196,  -0.2013,   0.0157, 0
A,  227, ILE,  0.1787,  -0.2799,   0.0057, 0
A,  228, ASN,  0.3149,  -0.2039,   0.0152, 0
A,  229, PRO,  0.1034,  -0.3218,   0.0025, 0
A,  230, ASP,  0.0235,  -0.3663,   0.0005, 0
A,  231, LYS,  0.1935,  -0.2716,   0.0065, 0
A,  232, LEU,  0.0100,  -0.3739,   0.0004, 0
A,  233, ILE,  0.0757,  -0.3373,   0.0016, 0
A,  234, LYS,  0.0970,  -0.3254,   0.0022, 0
A,  235, MET,  0.1860,  -0.2758,   0.0061, 0
A,  236, ARG,  0.0626,  -0.3446,   0.0013, 0
A,  237, ARG,  0.0470,  -0.3533,   0.0010, 0
A,  238, ASP,  0.0379,  -0.3583,   0.0008, 0
A,  239, SER,  0.2916,  -0.2169,   0.0133, 0
A,  240, LEU,  0.1597,  -0.2904,   0.0048, 0
A,  241, PRO,  0.1160,  -0.3148,   0.0029, 0
A,  242, PRO,  0.0586,  -0.3468,   0.0012, 0
A,  243, ASP,  0.0586,  -0.3468,   0.0012, 0
A,  244, GLY,  0.0150,  -0.3711,   0.0004, 0
A,  245, THR,  0.0411,  -0.3566,   0.0008, 0
A,  246, VAL,  0.0443,  -0.3548,   0.0009, 0
A,  247, TRP,  0.1235,  -0.3106,   0.0032, 0
A,  248, ASP,  0.0081,  -0.3749,   0.0003, 0
A,  249, THR,  0.0507,  -0.3512,   0.0010, 0
A,  250, ALA,  0.0094,  -0.3742,   0.0003, 0
A,  251, ARG,  0.1297,  -0.3072,   0.0034, 0
A,  252, TYR,  0.2866,  -0.2197,   0.0129, 0
A,  253, GLN,  0.0809,  -0.3343,   0.0018, 0
A,  254, ALA,  0.0382,  -0.3582,   0.0008, 0
A,  255, TRP,  0.2751,  -0.2261,   0.0120, 0
A,  256, ASN,  0.2876,  -0.2192,   0.0130, 0
A,  257, PRO,  0.0277,  -0.3640,   0.0006, 0
A,  258, THR,  0.2521,  -0.2390,   0.0103, 0
A,  259, ALA,  0.2215,  -0.2560,   0.0082, 0
A,  260, PHE,  0.3468,  -0.1861,   0.0182, 0
A,  261, SER,  0.2284,  -0.2522,   0.0086, 0
A,  262, GLY,  0.0467,  -0.3534,   0.0009, 0
A,  263, GLN,  0.0711,  -0.3399,   0.0015, 0
A,  264, LYS,  0.2139,  -0.2602,   0.0077, 0
A,  265, ASP,  0.0722,  -0.3392,   0.0015, 0
A,  266, ASN,  0.1054,  -0.3207,   0.0025, 0
A,  267, ILE,  0.0554,  -0.3486,   0.0011, 0
A,  268, GLN,  0.2922,  -0.2166,   0.0133, 0
A,  269, ASN,  0.1565,  -0.2922,   0.0046, 0
A,  270, ASP,  0.4877,  -0.1076,   0.0342, 2
A,  271, VAL,  0.3684,  -0.1741,   0.0202, 0
A,  272, GLN,  0.1682,  -0.2857,   0.0052, 0
A,  273, THR,  0.3098,  -0.2068,   0.0148, 2
A,  274, LEU,  0.2085,  -0.2632,   0.0074, 2
A,  275, VAL,  0.3139,  -0.2045,   0.0152, 0
A,  276, GLU,  0.1058,  -0.3205,   0.0025, 0
A,  277, LYS,  0.2922,  -0.2166,   0.0133, 2
A,  278, TYR,  0.2632,  -0.2328,   0.0110, 0
A,  279, SER,  0.1259,  -0.3093,   0.0033, 0
A,  280, HIS,  0.2759,  -0.2257,   0.0120, 0
A,  281, GLN,  0.5588,  -0.0680,   0.0446, 0
A,  282, ASN,  0.1586,  -0.2911,   0.0047, 0
A,  283, SER,  0.1738,  -0.2826,   0.0054, 0
A,  284, ASN,  0.5134,  -0.0933,   0.0378, 0
A,  285, PHE,  0.5015,  -0.0999,   0.0361, 0
A,  286, ASP,  0.0561,  -0.3482,   0.0011, 0
A,  287, ASN,  0.1896,  -0.2738,   0.0063, 0
A,  288, LEU,  0.5489,  -0.0735,   0.0431, 0
A,  289, VAL,  0.0000,  -0.3795,   0.0002, 0
A,  290, LYS,  0.1717,  -0.2838,   0.0053, 0
A,  291, VAL,  1.0505,   0.2061,   0.1545, 1
A,  292, LEU,  0.9516,   0.1510,   0.1282, 0
A,  293, SER,  0.3374,  -0.1914,   0.0173, 0
A,  294, GLY,  1.0474,   0.2043,   0.1536, 0
A,  295, ALA,  1.2619,   0.3239,   0.2140, 1
A,  296, ILE,  0.3847,  -0.1651,   0.0219, 0
A,  297, SER,  0.2187,  -0.2575,   0.0080, 0
A,  298, THR,  0.5006,  -0.1004,   0.0360, 0
A,  299, LEU,  0.3949,  -0.1593,   0.0230, 0
A,  300, THR,  0.4711,  -0.1169,   0.0320, 0
A,  301, ASP,  0.1304,  -0.3068,   0.0035, 0
A,  302, THR,  0.1046,  -0.3211,   0.0025, 0
A,  303, ALA,  0.6747,  -0.0034,   0.0647, 0
A,  304, LYS,  0.6704,  -0.0058,   0.0639, 0
A,  305, SER,  0.1302,  -0.3069,   0.0035, 0
A,  306, TYR,  0.1661,  -0.2869,   0.0051, 0
A,  307, LEU,  0.6491,  -0.0176,   0.0599, 0
A,  308, GLN,  0.0194,  -0.3686,   0.0005, 0
A,  309, ILE,  0.1839,  -0.2769,   0.0060, 0
